{
    "timestamp": 1743819331.3898935,
    "container_name": "['pink basket']",
    "object_names": [
        "a pointed chisel",
        "a white tape",
        "a black pen",
        "a screwdriver",
        "an USB drive",
        "a big screw"
    ],
    "camera_projection_matrix": [
        1362.1619873046875,
        0.0,
        974.646728515625,
        0.0,
        0.0,
        1361.9271240234375,
        562.1861572265625,
        0.0,
        0.0,
        0.0,
        1.0,
        0.0
    ],
    "camera_intrinsics": {
        "width": 1920,
        "height": 1080,
        "distortion_model": "plumb_bob",
        "D": [
            0.0,
            0.0,
            0.0,
            0.0,
            0.0
        ],
        "K": [
            1362.1619873046875,
            0.0,
            974.646728515625,
            0.0,
            1361.9271240234375,
            562.1861572265625,
            0.0,
            0.0,
            1.0
        ],
        "R": [
            1.0,
            0.0,
            0.0,
            0.0,
            1.0,
            0.0,
            0.0,
            0.0,
            1.0
        ],
        "P": [
            1362.1619873046875,
            0.0,
            974.646728515625,
            0.0,
            0.0,
            1361.9271240234375,
            562.1861572265625,
            0.0,
            0.0,
            0.0,
            1.0,
            0.0
        ]
    },
    "camera_to_base_link": {
        "translation": {
            "x": 0.41934838646453093,
            "y": -0.19185160884478136,
            "z": 0.48205708927595503
        },
        "rotation": {
            "x": 0.6018760675971866,
            "y": 0.3791716342582479,
            "z": 0.571508965402601,
            "w": 0.4090862665650425
        }
    }
}