{
    "timestamp": 1743818680.0987947,
    "container_name": "['yellow basket', 'blue basket']",
    "object_names": [
        "a blue stripper",
        "a big screw",
        "a pointed chisel",
        "a wrench",
        "a tweezers"
    ],
    "camera_projection_matrix": [
        1362.1619873046875,
        0.0,
        974.646728515625,
        0.0,
        0.0,
        1361.9271240234375,
        562.1861572265625,
        0.0,
        0.0,
        0.0,
        1.0,
        0.0
    ],
    "camera_intrinsics": {
        "width": 1920,
        "height": 1080,
        "distortion_model": "plumb_bob",
        "D": [
            0.0,
            0.0,
            0.0,
            0.0,
            0.0
        ],
        "K": [
            1362.1619873046875,
            0.0,
            974.646728515625,
            0.0,
            1361.9271240234375,
            562.1861572265625,
            0.0,
            0.0,
            1.0
        ],
        "R": [
            1.0,
            0.0,
            0.0,
            0.0,
            1.0,
            0.0,
            0.0,
            0.0,
            1.0
        ],
        "P": [
            1362.1619873046875,
            0.0,
            974.646728515625,
            0.0,
            0.0,
            1361.9271240234375,
            562.1861572265625,
            0.0,
            0.0,
            0.0,
            1.0,
            0.0
        ]
    },
    "camera_to_base_link": {
        "translation": {
            "x": 0.4193478463536562,
            "y": -0.19185164969809007,
            "z": 0.48205747797230997
        },
        "rotation": {
            "x": 0.6018765133744305,
            "y": 0.3791717941465028,
            "z": 0.5715087354003395,
            "w": 0.40908578383154026
        }
    }
}