{
    "timestamp": 1743811123.4182622,
    "container_name": "['pink bowl', 'green basket', 'pink lid']",
    "object_names": [
        "a banana",
        "a yellow lemon",
        "a green apple",
        "a bunch of red grapes"
    ],
    "camera_projection_matrix": [
        1362.1619873046875,
        0.0,
        974.646728515625,
        0.0,
        0.0,
        1361.9271240234375,
        562.1861572265625,
        0.0,
        0.0,
        0.0,
        1.0,
        0.0
    ],
    "camera_intrinsics": {
        "width": 1920,
        "height": 1080,
        "distortion_model": "plumb_bob",
        "D": [
            0.0,
            0.0,
            0.0,
            0.0,
            0.0
        ],
        "K": [
            1362.1619873046875,
            0.0,
            974.646728515625,
            0.0,
            1361.9271240234375,
            562.1861572265625,
            0.0,
            0.0,
            1.0
        ],
        "R": [
            1.0,
            0.0,
            0.0,
            0.0,
            1.0,
            0.0,
            0.0,
            0.0,
            1.0
        ],
        "P": [
            1362.1619873046875,
            0.0,
            974.646728515625,
            0.0,
            0.0,
            1361.9271240234375,
            562.1861572265625,
            0.0,
            0.0,
            0.0,
            1.0,
            0.0
        ]
    },
    "camera_to_base_link": {
        "translation": {
            "x": 0.41934798018255376,
            "y": -0.19185032878254762,
            "z": 0.4820569858647275
        },
        "rotation": {
            "x": 0.6018760085103346,
            "y": 0.379172692647996,
            "z": 0.5715091146420647,
            "w": 0.4090851640071777
        }
    }
}