{
    "timestamp": 1743819668.6739612,
    "container_name": "[]",
    "object_names": [
        "a stapler",
        "an apple-shaped candle",
        "a wrench",
        "a duracell battery",
        "a small allmax battery",
        "a tweezers"
    ],
    "camera_projection_matrix": [
        1362.1619873046875,
        0.0,
        974.646728515625,
        0.0,
        0.0,
        1361.9271240234375,
        562.1861572265625,
        0.0,
        0.0,
        0.0,
        1.0,
        0.0
    ],
    "camera_intrinsics": {
        "width": 1920,
        "height": 1080,
        "distortion_model": "plumb_bob",
        "D": [
            0.0,
            0.0,
            0.0,
            0.0,
            0.0
        ],
        "K": [
            1362.1619873046875,
            0.0,
            974.646728515625,
            0.0,
            1361.9271240234375,
            562.1861572265625,
            0.0,
            0.0,
            1.0
        ],
        "R": [
            1.0,
            0.0,
            0.0,
            0.0,
            1.0,
            0.0,
            0.0,
            0.0,
            1.0
        ],
        "P": [
            1362.1619873046875,
            0.0,
            974.646728515625,
            0.0,
            0.0,
            1361.9271240234375,
            562.1861572265625,
            0.0,
            0.0,
            0.0,
            1.0,
            0.0
        ]
    },
    "camera_to_base_link": {
        "translation": {
            "x": 0.4193484022900866,
            "y": -0.19185131012137005,
            "z": 0.4820573266789514
        },
        "rotation": {
            "x": 0.6018760901200852,
            "y": 0.37917156039442185,
            "z": 0.5715088481748563,
            "w": 0.4090864656618053
        }
    }
}