{
    "timestamp": 1743814534.114242,
    "container_name": "['pink basket', 'green basket']",
    "object_names": [
        "a duracell battery",
        "an apple-shaped candle",
        "a small allmax battery",
        "a ping pong ball"
    ],
    "camera_projection_matrix": [
        1362.1619873046875,
        0.0,
        974.646728515625,
        0.0,
        0.0,
        1361.9271240234375,
        562.1861572265625,
        0.0,
        0.0,
        0.0,
        1.0,
        0.0
    ],
    "camera_intrinsics": {
        "width": 1920,
        "height": 1080,
        "distortion_model": "plumb_bob",
        "D": [
            0.0,
            0.0,
            0.0,
            0.0,
            0.0
        ],
        "K": [
            1362.1619873046875,
            0.0,
            974.646728515625,
            0.0,
            1361.9271240234375,
            562.1861572265625,
            0.0,
            0.0,
            1.0
        ],
        "R": [
            1.0,
            0.0,
            0.0,
            0.0,
            1.0,
            0.0,
            0.0,
            0.0,
            1.0
        ],
        "P": [
            1362.1619873046875,
            0.0,
            974.646728515625,
            0.0,
            0.0,
            1361.9271240234375,
            562.1861572265625,
            0.0,
            0.0,
            0.0,
            1.0,
            0.0
        ]
    },
    "camera_to_base_link": {
        "translation": {
            "x": 0.41934758390354976,
            "y": -0.19185179420747278,
            "z": 0.48205755945742806
        },
        "rotation": {
            "x": 0.6018768445435162,
            "y": 0.37917180189912153,
            "z": 0.5715085407196113,
            "w": 0.40908556138227853
        }
    }
}