{
    "timestamp": 1743819733.5109282,
    "container_name": "['yellow basket', 'pink basket']",
    "object_names": [
        "a screwdriver",
        "a big screw",
        "a blue stripper",
        "a small allmax battery",
        "a glue stick"
    ],
    "camera_projection_matrix": [
        1362.1619873046875,
        0.0,
        974.646728515625,
        0.0,
        0.0,
        1361.9271240234375,
        562.1861572265625,
        0.0,
        0.0,
        0.0,
        1.0,
        0.0
    ],
    "camera_intrinsics": {
        "width": 1920,
        "height": 1080,
        "distortion_model": "plumb_bob",
        "D": [
            0.0,
            0.0,
            0.0,
            0.0,
            0.0
        ],
        "K": [
            1362.1619873046875,
            0.0,
            974.646728515625,
            0.0,
            1361.9271240234375,
            562.1861572265625,
            0.0,
            0.0,
            1.0
        ],
        "R": [
            1.0,
            0.0,
            0.0,
            0.0,
            1.0,
            0.0,
            0.0,
            0.0,
            1.0
        ],
        "P": [
            1362.1619873046875,
            0.0,
            974.646728515625,
            0.0,
            0.0,
            1361.9271240234375,
            562.1861572265625,
            0.0,
            0.0,
            0.0,
            1.0,
            0.0
        ]
    },
    "camera_to_base_link": {
        "translation": {
            "x": 0.41934822293727386,
            "y": -0.19185131702560201,
            "z": 0.4820573848454211
        },
        "rotation": {
            "x": 0.6018760591615203,
            "y": 0.379171905503678,
            "z": 0.5715090396013702,
            "w": 0.40908592390697995
        }
    }
}