{
    "timestamp": 1743811443.992105,
    "container_name": "['orange bowl', 'orange lid']",
    "object_names": [
        "a bunch of red grapes",
        "a green lime",
        "a tomato",
        "a steel knife",
        "a green lime"
    ],
    "camera_projection_matrix": [
        1362.1619873046875,
        0.0,
        974.646728515625,
        0.0,
        0.0,
        1361.9271240234375,
        562.1861572265625,
        0.0,
        0.0,
        0.0,
        1.0,
        0.0
    ],
    "camera_intrinsics": {
        "width": 1920,
        "height": 1080,
        "distortion_model": "plumb_bob",
        "D": [
            0.0,
            0.0,
            0.0,
            0.0,
            0.0
        ],
        "K": [
            1362.1619873046875,
            0.0,
            974.646728515625,
            0.0,
            1361.9271240234375,
            562.1861572265625,
            0.0,
            0.0,
            1.0
        ],
        "R": [
            1.0,
            0.0,
            0.0,
            0.0,
            1.0,
            0.0,
            0.0,
            0.0,
            1.0
        ],
        "P": [
            1362.1619873046875,
            0.0,
            974.646728515625,
            0.0,
            0.0,
            1361.9271240234375,
            562.1861572265625,
            0.0,
            0.0,
            0.0,
            1.0,
            0.0
        ]
    },
    "camera_to_base_link": {
        "translation": {
            "x": 0.4193473746748396,
            "y": -0.1918516321290961,
            "z": 0.48205702311370713
        },
        "rotation": {
            "x": 0.601876857972017,
            "y": 0.3791715298932521,
            "z": 0.5715081879080496,
            "w": 0.4090862866318064
        }
    }
}