{
    "timestamp": 1743819652.5166528,
    "container_name": "[]",
    "object_names": [
        "a stapler",
        "an apple-shaped candle",
        "a wrench",
        "a duracell battery",
        "a small allmax battery",
        "a tweezers"
    ],
    "camera_projection_matrix": [
        1362.1619873046875,
        0.0,
        974.646728515625,
        0.0,
        0.0,
        1361.9271240234375,
        562.1861572265625,
        0.0,
        0.0,
        0.0,
        1.0,
        0.0
    ],
    "camera_intrinsics": {
        "width": 1920,
        "height": 1080,
        "distortion_model": "plumb_bob",
        "D": [
            0.0,
            0.0,
            0.0,
            0.0,
            0.0
        ],
        "K": [
            1362.1619873046875,
            0.0,
            974.646728515625,
            0.0,
            1361.9271240234375,
            562.1861572265625,
            0.0,
            0.0,
            1.0
        ],
        "R": [
            1.0,
            0.0,
            0.0,
            0.0,
            1.0,
            0.0,
            0.0,
            0.0,
            1.0
        ],
        "P": [
            1362.1619873046875,
            0.0,
            974.646728515625,
            0.0,
            0.0,
            1361.9271240234375,
            562.1861572265625,
            0.0,
            0.0,
            0.0,
            1.0,
            0.0
        ]
    },
    "camera_to_base_link": {
        "translation": {
            "x": 0.41934822321687515,
            "y": -0.1918513144657009,
            "z": 0.4820573858775097
        },
        "rotation": {
            "x": 0.6018760712796276,
            "y": 0.3791718967792392,
            "z": 0.5715090267303977,
            "w": 0.40908593214569017
        }
    }
}