{
    "timestamp": 1743812216.5559022,
    "container_name": "[]",
    "object_names": [
        "a mango",
        "a yellow corn can",
        "a steel knife",
        "a strawberry",
        "a big corn",
        "a potato",
        "a strawberry"
    ],
    "camera_projection_matrix": [
        1362.1619873046875,
        0.0,
        974.646728515625,
        0.0,
        0.0,
        1361.9271240234375,
        562.1861572265625,
        0.0,
        0.0,
        0.0,
        1.0,
        0.0
    ],
    "camera_intrinsics": {
        "width": 1920,
        "height": 1080,
        "distortion_model": "plumb_bob",
        "D": [
            0.0,
            0.0,
            0.0,
            0.0,
            0.0
        ],
        "K": [
            1362.1619873046875,
            0.0,
            974.646728515625,
            0.0,
            1361.9271240234375,
            562.1861572265625,
            0.0,
            0.0,
            1.0
        ],
        "R": [
            1.0,
            0.0,
            0.0,
            0.0,
            1.0,
            0.0,
            0.0,
            0.0,
            1.0
        ],
        "P": [
            1362.1619873046875,
            0.0,
            974.646728515625,
            0.0,
            0.0,
            1361.9271240234375,
            562.1861572265625,
            0.0,
            0.0,
            0.0,
            1.0,
            0.0
        ]
    },
    "camera_to_base_link": {
        "translation": {
            "x": 0.4193474546397717,
            "y": -0.19185167703345146,
            "z": 0.48205680924717303
        },
        "rotation": {
            "x": 0.6018770234551504,
            "y": 0.3791715450433258,
            "z": 0.5715081069307639,
            "w": 0.40908614224713097
        }
    }
}