{
    "timestamp": 1743819350.5410755,
    "container_name": "['pink basket']",
    "object_names": [
        "a pointed chisel",
        "a white tape",
        "a black pen",
        "a screwdriver",
        "an USB drive",
        "a big screw"
    ],
    "camera_projection_matrix": [
        1362.1619873046875,
        0.0,
        974.646728515625,
        0.0,
        0.0,
        1361.9271240234375,
        562.1861572265625,
        0.0,
        0.0,
        0.0,
        1.0,
        0.0
    ],
    "camera_intrinsics": {
        "width": 1920,
        "height": 1080,
        "distortion_model": "plumb_bob",
        "D": [
            0.0,
            0.0,
            0.0,
            0.0,
            0.0
        ],
        "K": [
            1362.1619873046875,
            0.0,
            974.646728515625,
            0.0,
            1361.9271240234375,
            562.1861572265625,
            0.0,
            0.0,
            1.0
        ],
        "R": [
            1.0,
            0.0,
            0.0,
            0.0,
            1.0,
            0.0,
            0.0,
            0.0,
            1.0
        ],
        "P": [
            1362.1619873046875,
            0.0,
            974.646728515625,
            0.0,
            0.0,
            1361.9271240234375,
            562.1861572265625,
            0.0,
            0.0,
            0.0,
            1.0,
            0.0
        ]
    },
    "camera_to_base_link": {
        "translation": {
            "x": 0.4193481398399879,
            "y": -0.19185145463099484,
            "z": 0.4820574081637524
        },
        "rotation": {
            "x": 0.60187642128928,
            "y": 0.37917156814760156,
            "z": 0.5715086534939537,
            "w": 0.40908624321287784
        }
    }
}