{
    "timestamp": 1743811324.5188444,
    "container_name": "[]",
    "object_names": [
        "an orange",
        "a black spoon",
        "a plastic knife",
        "a yellow corn can",
        "a water bottle",
        "a strawberry",
        "a strawberry"
    ],
    "camera_projection_matrix": [
        1362.1619873046875,
        0.0,
        974.646728515625,
        0.0,
        0.0,
        1361.9271240234375,
        562.1861572265625,
        0.0,
        0.0,
        0.0,
        1.0,
        0.0
    ],
    "camera_intrinsics": {
        "width": 1920,
        "height": 1080,
        "distortion_model": "plumb_bob",
        "D": [
            0.0,
            0.0,
            0.0,
            0.0,
            0.0
        ],
        "K": [
            1362.1619873046875,
            0.0,
            974.646728515625,
            0.0,
            1361.9271240234375,
            562.1861572265625,
            0.0,
            0.0,
            1.0
        ],
        "R": [
            1.0,
            0.0,
            0.0,
            0.0,
            1.0,
            0.0,
            0.0,
            0.0,
            1.0
        ],
        "P": [
            1362.1619873046875,
            0.0,
            974.646728515625,
            0.0,
            0.0,
            1361.9271240234375,
            562.1861572265625,
            0.0,
            0.0,
            0.0,
            1.0,
            0.0
        ]
    },
    "camera_to_base_link": {
        "translation": {
            "x": 0.41934799424496033,
            "y": -0.19185027747343647,
            "z": 0.4820570233243989
        },
        "rotation": {
            "x": 0.6018762483804811,
            "y": 0.3791724997876145,
            "z": 0.5715088456353604,
            "w": 0.40908536566441317
        }
    }
}