{
    "timestamp": 1743816465.3239043,
    "container_name": "[]",
    "object_names": [
        "a flat red block",
        "a flat green block",
        "a large red triangular prism ",
        "a blue cylinder",
        "a long yellow block",
        "a flat red block",
        "a flat green block"
    ],
    "camera_projection_matrix": [
        1362.1619873046875,
        0.0,
        974.646728515625,
        0.0,
        0.0,
        1361.9271240234375,
        562.1861572265625,
        0.0,
        0.0,
        0.0,
        1.0,
        0.0
    ],
    "camera_intrinsics": {
        "width": 1920,
        "height": 1080,
        "distortion_model": "plumb_bob",
        "D": [
            0.0,
            0.0,
            0.0,
            0.0,
            0.0
        ],
        "K": [
            1362.1619873046875,
            0.0,
            974.646728515625,
            0.0,
            1361.9271240234375,
            562.1861572265625,
            0.0,
            0.0,
            1.0
        ],
        "R": [
            1.0,
            0.0,
            0.0,
            0.0,
            1.0,
            0.0,
            0.0,
            0.0,
            1.0
        ],
        "P": [
            1362.1619873046875,
            0.0,
            974.646728515625,
            0.0,
            0.0,
            1361.9271240234375,
            562.1861572265625,
            0.0,
            0.0,
            0.0,
            1.0,
            0.0
        ]
    },
    "camera_to_base_link": {
        "translation": {
            "x": 0.4193477569394223,
            "y": -0.19185184513647113,
            "z": 0.4820574779737459
        },
        "rotation": {
            "x": 0.601876601730548,
            "y": 0.3791716538925574,
            "z": 0.5715086400734869,
            "w": 0.40908591700891317
        }
    }
}