{
    "timestamp": 1743812502.1459324,
    "container_name": "['pink bowl', 'blue bowl', 'pink lid', 'blue lid']",
    "object_names": [
        "an orange",
        "a red chili pepper",
        "an apple",
        "a purple jello box",
        "a mango"
    ],
    "camera_projection_matrix": [
        1362.1619873046875,
        0.0,
        974.646728515625,
        0.0,
        0.0,
        1361.9271240234375,
        562.1861572265625,
        0.0,
        0.0,
        0.0,
        1.0,
        0.0
    ],
    "camera_intrinsics": {
        "width": 1920,
        "height": 1080,
        "distortion_model": "plumb_bob",
        "D": [
            0.0,
            0.0,
            0.0,
            0.0,
            0.0
        ],
        "K": [
            1362.1619873046875,
            0.0,
            974.646728515625,
            0.0,
            1361.9271240234375,
            562.1861572265625,
            0.0,
            0.0,
            1.0
        ],
        "R": [
            1.0,
            0.0,
            0.0,
            0.0,
            1.0,
            0.0,
            0.0,
            0.0,
            1.0
        ],
        "P": [
            1362.1619873046875,
            0.0,
            974.646728515625,
            0.0,
            0.0,
            1361.9271240234375,
            562.1861572265625,
            0.0,
            0.0,
            0.0,
            1.0,
            0.0
        ]
    },
    "camera_to_base_link": {
        "translation": {
            "x": 0.4193471691749676,
            "y": -0.19185160964960793,
            "z": 0.48205708596796154
        },
        "rotation": {
            "x": 0.601877322918867,
            "y": 0.379171821609854,
            "z": 0.5715079976225811,
            "w": 0.40908559801893635
        }
    }
}