{
    "timestamp": 1743814506.88262,
    "container_name": "['pink basket', 'green basket']",
    "object_names": [
        "a duracell battery",
        "an apple-shaped candle",
        "a small allmax battery",
        "a ping pong ball"
    ],
    "camera_projection_matrix": [
        1362.1619873046875,
        0.0,
        974.646728515625,
        0.0,
        0.0,
        1361.9271240234375,
        562.1861572265625,
        0.0,
        0.0,
        0.0,
        1.0,
        0.0
    ],
    "camera_intrinsics": {
        "width": 1920,
        "height": 1080,
        "distortion_model": "plumb_bob",
        "D": [
            0.0,
            0.0,
            0.0,
            0.0,
            0.0
        ],
        "K": [
            1362.1619873046875,
            0.0,
            974.646728515625,
            0.0,
            1361.9271240234375,
            562.1861572265625,
            0.0,
            0.0,
            1.0
        ],
        "R": [
            1.0,
            0.0,
            0.0,
            0.0,
            1.0,
            0.0,
            0.0,
            0.0,
            1.0
        ],
        "P": [
            1362.1619873046875,
            0.0,
            974.646728515625,
            0.0,
            0.0,
            1361.9271240234375,
            562.1861572265625,
            0.0,
            0.0,
            0.0,
            1.0,
            0.0
        ]
    },
    "camera_to_base_link": {
        "translation": {
            "x": 0.41934741086772503,
            "y": -0.19185174327856075,
            "z": 0.4820576409412662
        },
        "rotation": {
            "x": 0.6018770873563537,
            "y": 0.3791719499056031,
            "z": 0.5715084413656117,
            "w": 0.40908520575555446
        }
    }
}