{
    "timestamp": 1743819579.4141033,
    "container_name": "['big yellow shopping basket', 'big green shopping basket']",
    "object_names": [
        "a green marker",
        "a glue stick",
        "a black pen",
        "a tweezers",
        "a blue marker",
        "a black tape"
    ],
    "camera_projection_matrix": [
        1362.1619873046875,
        0.0,
        974.646728515625,
        0.0,
        0.0,
        1361.9271240234375,
        562.1861572265625,
        0.0,
        0.0,
        0.0,
        1.0,
        0.0
    ],
    "camera_intrinsics": {
        "width": 1920,
        "height": 1080,
        "distortion_model": "plumb_bob",
        "D": [
            0.0,
            0.0,
            0.0,
            0.0,
            0.0
        ],
        "K": [
            1362.1619873046875,
            0.0,
            974.646728515625,
            0.0,
            1361.9271240234375,
            562.1861572265625,
            0.0,
            0.0,
            1.0
        ],
        "R": [
            1.0,
            0.0,
            0.0,
            0.0,
            1.0,
            0.0,
            0.0,
            0.0,
            1.0
        ],
        "P": [
            1362.1619873046875,
            0.0,
            974.646728515625,
            0.0,
            0.0,
            1361.9271240234375,
            562.1861572265625,
            0.0,
            0.0,
            0.0,
            1.0,
            0.0
        ]
    },
    "camera_to_base_link": {
        "translation": {
            "x": 0.41934810508725584,
            "y": -0.19185130427280678,
            "z": 0.4820572638820605
        },
        "rotation": {
            "x": 0.6018764995546645,
            "y": 0.37917209166950305,
            "z": 0.5715088478281892,
            "w": 0.40908537133084255
        }
    }
}