{
    "timestamp": 1743819557.4095833,
    "container_name": "['big yellow shopping basket', 'big green shopping basket']",
    "object_names": [
        "a green marker",
        "a glue stick",
        "a black pen",
        "a tweezers",
        "a blue marker",
        "a black tape"
    ],
    "camera_projection_matrix": [
        1362.1619873046875,
        0.0,
        974.646728515625,
        0.0,
        0.0,
        1361.9271240234375,
        562.1861572265625,
        0.0,
        0.0,
        0.0,
        1.0,
        0.0
    ],
    "camera_intrinsics": {
        "width": 1920,
        "height": 1080,
        "distortion_model": "plumb_bob",
        "D": [
            0.0,
            0.0,
            0.0,
            0.0,
            0.0
        ],
        "K": [
            1362.1619873046875,
            0.0,
            974.646728515625,
            0.0,
            1361.9271240234375,
            562.1861572265625,
            0.0,
            0.0,
            1.0
        ],
        "R": [
            1.0,
            0.0,
            0.0,
            0.0,
            1.0,
            0.0,
            0.0,
            0.0,
            1.0
        ],
        "P": [
            1362.1619873046875,
            0.0,
            974.646728515625,
            0.0,
            0.0,
            1361.9271240234375,
            562.1861572265625,
            0.0,
            0.0,
            0.0,
            1.0,
            0.0
        ]
    },
    "camera_to_base_link": {
        "translation": {
            "x": 0.41934803149861677,
            "y": -0.19185120098804437,
            "z": 0.4820575012863538
        },
        "rotation": {
            "x": 0.6018766104337052,
            "y": 0.37917187755235565,
            "z": 0.5715086352733314,
            "w": 0.409085703605332
        }
    }
}