{
    "timestamp": 1743810497.7646825,
    "container_name": "['big yellow shopping basket']",
    "object_names": [
        "a red onion",
        "a purple eggplant",
        "a water bottle",
        "a small orange carrot",
        "a tomato"
    ],
    "camera_projection_matrix": [
        1362.1619873046875,
        0.0,
        974.646728515625,
        0.0,
        0.0,
        1361.9271240234375,
        562.1861572265625,
        0.0,
        0.0,
        0.0,
        1.0,
        0.0
    ],
    "camera_intrinsics": {
        "width": 1920,
        "height": 1080,
        "distortion_model": "plumb_bob",
        "D": [
            0.0,
            0.0,
            0.0,
            0.0,
            0.0
        ],
        "K": [
            1362.1619873046875,
            0.0,
            974.646728515625,
            0.0,
            1361.9271240234375,
            562.1861572265625,
            0.0,
            0.0,
            1.0
        ],
        "R": [
            1.0,
            0.0,
            0.0,
            0.0,
            1.0,
            0.0,
            0.0,
            0.0,
            1.0
        ],
        "P": [
            1362.1619873046875,
            0.0,
            974.646728515625,
            0.0,
            0.0,
            1361.9271240234375,
            562.1861572265625,
            0.0,
            0.0,
            0.0,
            1.0,
            0.0
        ]
    },
    "camera_to_base_link": {
        "translation": {
            "x": 0.4193478896443452,
            "y": -0.19185007848164226,
            "z": 0.48205705436678514
        },
        "rotation": {
            "x": 0.6018761842096255,
            "y": 0.37917298312738806,
            "z": 0.5715091004131292,
            "w": 0.4090846561440728
        }
    }
}