{
    "timestamp": 1743812342.5322156,
    "container_name": "['blue bowl', 'blue lid']",
    "object_names": [
        "a black spoon",
        "a green pear",
        "a carton of coconut water ",
        "a carrot",
        "a bunch of green grapes"
    ],
    "camera_projection_matrix": [
        1362.1619873046875,
        0.0,
        974.646728515625,
        0.0,
        0.0,
        1361.9271240234375,
        562.1861572265625,
        0.0,
        0.0,
        0.0,
        1.0,
        0.0
    ],
    "camera_intrinsics": {
        "width": 1920,
        "height": 1080,
        "distortion_model": "plumb_bob",
        "D": [
            0.0,
            0.0,
            0.0,
            0.0,
            0.0
        ],
        "K": [
            1362.1619873046875,
            0.0,
            974.646728515625,
            0.0,
            1361.9271240234375,
            562.1861572265625,
            0.0,
            0.0,
            1.0
        ],
        "R": [
            1.0,
            0.0,
            0.0,
            0.0,
            1.0,
            0.0,
            0.0,
            0.0,
            1.0
        ],
        "P": [
            1362.1619873046875,
            0.0,
            974.646728515625,
            0.0,
            0.0,
            1361.9271240234375,
            562.1861572265625,
            0.0,
            0.0,
            0.0,
            1.0,
            0.0
        ]
    },
    "camera_to_base_link": {
        "translation": {
            "x": 0.41934734172959276,
            "y": -0.1918516603050902,
            "z": 0.48205700358108183
        },
        "rotation": {
            "x": 0.6018770815836774,
            "y": 0.37917167375797245,
            "z": 0.5715080962667888,
            "w": 0.4090859523198077
        }
    }
}