{
    "timestamp": 1743812990.7113826,
    "container_name": "['big yellow shopping basket', 'pink bowl', 'pink lid']",
    "object_names": [
        "a red chili pepper",
        "a can of Pringles chip",
        "a carton of coconut water ",
        "a green pear",
        "a water bottle"
    ],
    "camera_projection_matrix": [
        1362.1619873046875,
        0.0,
        974.646728515625,
        0.0,
        0.0,
        1361.9271240234375,
        562.1861572265625,
        0.0,
        0.0,
        0.0,
        1.0,
        0.0
    ],
    "camera_intrinsics": {
        "width": 1920,
        "height": 1080,
        "distortion_model": "plumb_bob",
        "D": [
            0.0,
            0.0,
            0.0,
            0.0,
            0.0
        ],
        "K": [
            1362.1619873046875,
            0.0,
            974.646728515625,
            0.0,
            1361.9271240234375,
            562.1861572265625,
            0.0,
            0.0,
            1.0
        ],
        "R": [
            1.0,
            0.0,
            0.0,
            0.0,
            1.0,
            0.0,
            0.0,
            0.0,
            1.0
        ],
        "P": [
            1362.1619873046875,
            0.0,
            974.646728515625,
            0.0,
            0.0,
            1361.9271240234375,
            562.1861572265625,
            0.0,
            0.0,
            0.0,
            1.0,
            0.0
        ]
    },
    "camera_to_base_link": {
        "translation": {
            "x": 0.4193478686125376,
            "y": -0.191852000293233,
            "z": 0.48205724487770163
        },
        "rotation": {
            "x": 0.6018764433240218,
            "y": 0.37917171110728426,
            "z": 0.5715084174017647,
            "w": 0.4090864081175637
        }
    }
}