{
    "timestamp": 1743812391.8188088,
    "container_name": "['blue bowl', 'blue lid']",
    "object_names": [
        "a black spoon",
        "a green pear",
        "a carton of coconut water ",
        "a carrot",
        "a bunch of green grapes"
    ],
    "camera_projection_matrix": [
        1362.1619873046875,
        0.0,
        974.646728515625,
        0.0,
        0.0,
        1361.9271240234375,
        562.1861572265625,
        0.0,
        0.0,
        0.0,
        1.0,
        0.0
    ],
    "camera_intrinsics": {
        "width": 1920,
        "height": 1080,
        "distortion_model": "plumb_bob",
        "D": [
            0.0,
            0.0,
            0.0,
            0.0,
            0.0
        ],
        "K": [
            1362.1619873046875,
            0.0,
            974.646728515625,
            0.0,
            1361.9271240234375,
            562.1861572265625,
            0.0,
            0.0,
            1.0
        ],
        "R": [
            1.0,
            0.0,
            0.0,
            0.0,
            1.0,
            0.0,
            0.0,
            0.0,
            1.0
        ],
        "P": [
            1362.1619873046875,
            0.0,
            974.646728515625,
            0.0,
            0.0,
            1361.9271240234375,
            562.1861572265625,
            0.0,
            0.0,
            0.0,
            1.0,
            0.0
        ]
    },
    "camera_to_base_link": {
        "translation": {
            "x": 0.4193473171679412,
            "y": -0.19185164633383842,
            "z": 0.48205695748113253
        },
        "rotation": {
            "x": 0.6018771570284286,
            "y": 0.37917168163871695,
            "z": 0.5715080600364655,
            "w": 0.4090858846305986
        }
    }
}