{
    "timestamp": 1743818697.2699888,
    "container_name": "['yellow basket', 'blue basket']",
    "object_names": [
        "a blue stripper",
        "a big screw",
        "a pointed chisel",
        "a wrench",
        "a tweezers"
    ],
    "camera_projection_matrix": [
        1362.1619873046875,
        0.0,
        974.646728515625,
        0.0,
        0.0,
        1361.9271240234375,
        562.1861572265625,
        0.0,
        0.0,
        0.0,
        1.0,
        0.0
    ],
    "camera_intrinsics": {
        "width": 1920,
        "height": 1080,
        "distortion_model": "plumb_bob",
        "D": [
            0.0,
            0.0,
            0.0,
            0.0,
            0.0
        ],
        "K": [
            1362.1619873046875,
            0.0,
            974.646728515625,
            0.0,
            1361.9271240234375,
            562.1861572265625,
            0.0,
            0.0,
            1.0
        ],
        "R": [
            1.0,
            0.0,
            0.0,
            0.0,
            1.0,
            0.0,
            0.0,
            0.0,
            1.0
        ],
        "P": [
            1362.1619873046875,
            0.0,
            974.646728515625,
            0.0,
            0.0,
            1361.9271240234375,
            562.1861572265625,
            0.0,
            0.0,
            0.0,
            1.0,
            0.0
        ]
    },
    "camera_to_base_link": {
        "translation": {
            "x": 0.41934767331775996,
            "y": -0.1918515987691724,
            "z": 0.4820575594559922
        },
        "rotation": {
            "x": 0.601876756187364,
            "y": 0.3791719421531234,
            "z": 0.5715086360463811,
            "w": 0.4090854282049287
        }
    }
}