{
    "timestamp": 1743813053.4574907,
    "container_name": "[]",
    "object_names": [
        "a potato",
        "a black spoon",
        "a garlic",
        "a can of Pringles chip",
        "a white radish"
    ],
    "camera_projection_matrix": [
        1362.1619873046875,
        0.0,
        974.646728515625,
        0.0,
        0.0,
        1361.9271240234375,
        562.1861572265625,
        0.0,
        0.0,
        0.0,
        1.0,
        0.0
    ],
    "camera_intrinsics": {
        "width": 1920,
        "height": 1080,
        "distortion_model": "plumb_bob",
        "D": [
            0.0,
            0.0,
            0.0,
            0.0,
            0.0
        ],
        "K": [
            1362.1619873046875,
            0.0,
            974.646728515625,
            0.0,
            1361.9271240234375,
            562.1861572265625,
            0.0,
            0.0,
            1.0
        ],
        "R": [
            1.0,
            0.0,
            0.0,
            0.0,
            1.0,
            0.0,
            0.0,
            0.0,
            1.0
        ],
        "P": [
            1362.1619873046875,
            0.0,
            974.646728515625,
            0.0,
            0.0,
            1361.9271240234375,
            562.1861572265625,
            0.0,
            0.0,
            0.0,
            1.0,
            0.0
        ]
    },
    "camera_to_base_link": {
        "translation": {
            "x": 0.41934783390732233,
            "y": -0.1918519877641545,
            "z": 0.48205724142520034
        },
        "rotation": {
            "x": 0.6018765060912401,
            "y": 0.3791717362859316,
            "z": 0.5715083898788862,
            "w": 0.40908633088305
        }
    }
}