{
    "timestamp": 1743812740.5305896,
    "container_name": "['orange bowl', 'yellow plate', 'orange lid']",
    "object_names": [
        "a yellow lemon",
        "a yellow corn can",
        "a banana",
        "a green romaine lettuce",
        "a yellow jello box",
        "a yellow lemon"
    ],
    "camera_projection_matrix": [
        1362.1619873046875,
        0.0,
        974.646728515625,
        0.0,
        0.0,
        1361.9271240234375,
        562.1861572265625,
        0.0,
        0.0,
        0.0,
        1.0,
        0.0
    ],
    "camera_intrinsics": {
        "width": 1920,
        "height": 1080,
        "distortion_model": "plumb_bob",
        "D": [
            0.0,
            0.0,
            0.0,
            0.0,
            0.0
        ],
        "K": [
            1362.1619873046875,
            0.0,
            974.646728515625,
            0.0,
            1361.9271240234375,
            562.1861572265625,
            0.0,
            0.0,
            1.0
        ],
        "R": [
            1.0,
            0.0,
            0.0,
            0.0,
            1.0,
            0.0,
            0.0,
            0.0,
            1.0
        ],
        "P": [
            1362.1619873046875,
            0.0,
            974.646728515625,
            0.0,
            0.0,
            1361.9271240234375,
            562.1861572265625,
            0.0,
            0.0,
            0.0,
            1.0,
            0.0
        ]
    },
    "camera_to_base_link": {
        "translation": {
            "x": 0.41934800617209744,
            "y": -0.19185203825476313,
            "z": 0.4820571584943907
        },
        "rotation": {
            "x": 0.6018762656465819,
            "y": 0.3791715885268018,
            "z": 0.5715084880951349,
            "w": 0.4090866843843728
        }
    }
}