{
    "timestamp": 1743820898.2312105,
    "container_name": "['big yellow shopping basket', 'blue basket']",
    "object_names": [
        "a yellow jello box",
        "a red chili pepper",
        "a white tape",
        "a purple jello box"
    ],
    "camera_projection_matrix": [
        1362.1619873046875,
        0.0,
        974.646728515625,
        0.0,
        0.0,
        1361.9271240234375,
        562.1861572265625,
        0.0,
        0.0,
        0.0,
        1.0,
        0.0
    ],
    "camera_intrinsics": {
        "width": 1920,
        "height": 1080,
        "distortion_model": "plumb_bob",
        "D": [
            0.0,
            0.0,
            0.0,
            0.0,
            0.0
        ],
        "K": [
            1362.1619873046875,
            0.0,
            974.646728515625,
            0.0,
            1361.9271240234375,
            562.1861572265625,
            0.0,
            0.0,
            1.0
        ],
        "R": [
            1.0,
            0.0,
            0.0,
            0.0,
            1.0,
            0.0,
            0.0,
            0.0,
            1.0
        ],
        "P": [
            1362.1619873046875,
            0.0,
            974.646728515625,
            0.0,
            0.0,
            1361.9271240234375,
            562.1861572265625,
            0.0,
            0.0,
            0.0,
            1.0,
            0.0
        ]
    },
    "camera_to_base_link": {
        "translation": {
            "x": 0.4193479931821421,
            "y": -0.19185167179088522,
            "z": 0.48205740095493016
        },
        "rotation": {
            "x": 0.6018767638760895,
            "y": 0.37917159461353656,
            "z": 0.5715084557933642,
            "w": 0.40908599083928326
        }
    }
}