{
    "timestamp": 1743809919.7065444,
    "container_name": "['big green shopping basket', 'green bowl', 'green lid']",
    "object_names": [
        "a green pear",
        "a potato",
        "a big corn",
        "a green romaine lettuce",
        "a mango"
    ],
    "camera_projection_matrix": [
        1362.1619873046875,
        0.0,
        974.646728515625,
        0.0,
        0.0,
        1361.9271240234375,
        562.1861572265625,
        0.0,
        0.0,
        0.0,
        1.0,
        0.0
    ],
    "camera_intrinsics": {
        "width": 1920,
        "height": 1080,
        "distortion_model": "plumb_bob",
        "D": [
            0.0,
            0.0,
            0.0,
            0.0,
            0.0
        ],
        "K": [
            1362.1619873046875,
            0.0,
            974.646728515625,
            0.0,
            1361.9271240234375,
            562.1861572265625,
            0.0,
            0.0,
            1.0
        ],
        "R": [
            1.0,
            0.0,
            0.0,
            0.0,
            1.0,
            0.0,
            0.0,
            0.0,
            1.0
        ],
        "P": [
            1362.1619873046875,
            0.0,
            974.646728515625,
            0.0,
            0.0,
            1361.9271240234375,
            562.1861572265625,
            0.0,
            0.0,
            0.0,
            1.0,
            0.0
        ]
    },
    "camera_to_base_link": {
        "translation": {
            "x": 0.4193482505956413,
            "y": -0.1918501888025645,
            "z": 0.4820569193265379
        },
        "rotation": {
            "x": 0.6018756528798093,
            "y": 0.37917268233993107,
            "z": 0.5715093210697576,
            "w": 0.4090854084027318
        }
    }
}