{
    "timestamp": 1743812871.7897458,
    "container_name": "[]",
    "object_names": [
        "a garlic",
        "a banana",
        "a carrot",
        "a big corn",
        "a banana"
    ],
    "camera_projection_matrix": [
        1362.1619873046875,
        0.0,
        974.646728515625,
        0.0,
        0.0,
        1361.9271240234375,
        562.1861572265625,
        0.0,
        0.0,
        0.0,
        1.0,
        0.0
    ],
    "camera_intrinsics": {
        "width": 1920,
        "height": 1080,
        "distortion_model": "plumb_bob",
        "D": [
            0.0,
            0.0,
            0.0,
            0.0,
            0.0
        ],
        "K": [
            1362.1619873046875,
            0.0,
            974.646728515625,
            0.0,
            1361.9271240234375,
            562.1861572265625,
            0.0,
            0.0,
            1.0
        ],
        "R": [
            1.0,
            0.0,
            0.0,
            0.0,
            1.0,
            0.0,
            0.0,
            0.0,
            1.0
        ],
        "P": [
            1362.1619873046875,
            0.0,
            974.646728515625,
            0.0,
            0.0,
            1361.9271240234375,
            562.1861572265625,
            0.0,
            0.0,
            0.0,
            1.0,
            0.0
        ]
    },
    "camera_to_base_link": {
        "translation": {
            "x": 0.41934789374255155,
            "y": -0.1918520217998565,
            "z": 0.4820573537310547
        },
        "rotation": {
            "x": 0.6018763222973975,
            "y": 0.3791717170872968,
            "z": 0.571508478140724,
            "w": 0.4090864957831092
        }
    }
}