{
    "timestamp": 1743815095.1100512,
    "container_name": "['big green shopping basket']",
    "object_names": [
        "a blue half circle cylinder",
        "a small blue cube",
        "a green half circle cylinder",
        "a large yellow triangular prism ",
        "a small blue cube",
        "a green half circle cylinder"
    ],
    "camera_projection_matrix": [
        1362.1619873046875,
        0.0,
        974.646728515625,
        0.0,
        0.0,
        1361.9271240234375,
        562.1861572265625,
        0.0,
        0.0,
        0.0,
        1.0,
        0.0
    ],
    "camera_intrinsics": {
        "width": 1920,
        "height": 1080,
        "distortion_model": "plumb_bob",
        "D": [
            0.0,
            0.0,
            0.0,
            0.0,
            0.0
        ],
        "K": [
            1362.1619873046875,
            0.0,
            974.646728515625,
            0.0,
            1361.9271240234375,
            562.1861572265625,
            0.0,
            0.0,
            1.0
        ],
        "R": [
            1.0,
            0.0,
            0.0,
            0.0,
            1.0,
            0.0,
            0.0,
            0.0,
            1.0
        ],
        "P": [
            1362.1619873046875,
            0.0,
            974.646728515625,
            0.0,
            0.0,
            1361.9271240234375,
            562.1861572265625,
            0.0,
            0.0,
            0.0,
            1.0,
            0.0
        ]
    },
    "camera_to_base_link": {
        "translation": {
            "x": 0.41934767331775985,
            "y": -0.19185159876917235,
            "z": 0.4820575594559921
        },
        "rotation": {
            "x": 0.601876756187364,
            "y": 0.3791719421531234,
            "z": 0.5715086360463811,
            "w": 0.4090854282049287
        }
    }
}