{
    "timestamp": 1743812970.8282108,
    "container_name": "['big yellow shopping basket', 'pink bowl', 'pink lid']",
    "object_names": [
        "a red chili pepper",
        "a can of Pringles chip",
        "a carton of coconut water ",
        "a green pear",
        "a water bottle"
    ],
    "camera_projection_matrix": [
        1362.1619873046875,
        0.0,
        974.646728515625,
        0.0,
        0.0,
        1361.9271240234375,
        562.1861572265625,
        0.0,
        0.0,
        0.0,
        1.0,
        0.0
    ],
    "camera_intrinsics": {
        "width": 1920,
        "height": 1080,
        "distortion_model": "plumb_bob",
        "D": [
            0.0,
            0.0,
            0.0,
            0.0,
            0.0
        ],
        "K": [
            1362.1619873046875,
            0.0,
            974.646728515625,
            0.0,
            1361.9271240234375,
            562.1861572265625,
            0.0,
            0.0,
            1.0
        ],
        "R": [
            1.0,
            0.0,
            0.0,
            0.0,
            1.0,
            0.0,
            0.0,
            0.0,
            1.0
        ],
        "P": [
            1362.1619873046875,
            0.0,
            974.646728515625,
            0.0,
            0.0,
            1361.9271240234375,
            562.1861572265625,
            0.0,
            0.0,
            0.0,
            1.0,
            0.0
        ]
    },
    "camera_to_base_link": {
        "translation": {
            "x": 0.41934784847347467,
            "y": -0.1918519806109506,
            "z": 0.48205713671368905
        },
        "rotation": {
            "x": 0.6018765551869792,
            "y": 0.3791717015501965,
            "z": 0.5715083606948712,
            "w": 0.40908633161674407
        }
    }
}