{
    "timestamp": 1743810390.4749737,
    "container_name": "[]",
    "object_names": [
        "a carrot",
        "a green chili pepper",
        "a steel knife",
        "a can of Pringles chip",
        "a green lime",
        "a purple jello box",
        "a green lime"
    ],
    "camera_projection_matrix": [
        1362.1619873046875,
        0.0,
        974.646728515625,
        0.0,
        0.0,
        1361.9271240234375,
        562.1861572265625,
        0.0,
        0.0,
        0.0,
        1.0,
        0.0
    ],
    "camera_intrinsics": {
        "width": 1920,
        "height": 1080,
        "distortion_model": "plumb_bob",
        "D": [
            0.0,
            0.0,
            0.0,
            0.0,
            0.0
        ],
        "K": [
            1362.1619873046875,
            0.0,
            974.646728515625,
            0.0,
            1361.9271240234375,
            562.1861572265625,
            0.0,
            0.0,
            1.0
        ],
        "R": [
            1.0,
            0.0,
            0.0,
            0.0,
            1.0,
            0.0,
            0.0,
            0.0,
            1.0
        ],
        "P": [
            1362.1619873046875,
            0.0,
            974.646728515625,
            0.0,
            0.0,
            1361.9271240234375,
            562.1861572265625,
            0.0,
            0.0,
            0.0,
            1.0,
            0.0
        ]
    },
    "camera_to_base_link": {
        "translation": {
            "x": 0.41934784391684565,
            "y": -0.19185005247097608,
            "z": 0.48205696854073704
        },
        "rotation": {
            "x": 0.6018763246680157,
            "y": 0.3791729977994638,
            "z": 0.5715090329615551,
            "w": 0.40908453012456686
        }
    }
}