{
    "timestamp": 1743812769.2816906,
    "container_name": "['orange bowl', 'yellow plate', 'orange lid']",
    "object_names": [
        "a yellow lemon",
        "a yellow corn can",
        "a banana",
        "a green romaine lettuce",
        "a yellow jello box",
        "a yellow lemon"
    ],
    "camera_projection_matrix": [
        1362.1619873046875,
        0.0,
        974.646728515625,
        0.0,
        0.0,
        1361.9271240234375,
        562.1861572265625,
        0.0,
        0.0,
        0.0,
        1.0,
        0.0
    ],
    "camera_intrinsics": {
        "width": 1920,
        "height": 1080,
        "distortion_model": "plumb_bob",
        "D": [
            0.0,
            0.0,
            0.0,
            0.0,
            0.0
        ],
        "K": [
            1362.1619873046875,
            0.0,
            974.646728515625,
            0.0,
            1361.9271240234375,
            562.1861572265625,
            0.0,
            0.0,
            1.0
        ],
        "R": [
            1.0,
            0.0,
            0.0,
            0.0,
            1.0,
            0.0,
            0.0,
            0.0,
            1.0
        ],
        "P": [
            1362.1619873046875,
            0.0,
            974.646728515625,
            0.0,
            0.0,
            1361.9271240234375,
            562.1861572265625,
            0.0,
            0.0,
            0.0,
            1.0,
            0.0
        ]
    },
    "camera_to_base_link": {
        "translation": {
            "x": 0.4193480671243633,
            "y": -0.19185191979598137,
            "z": 0.48205718961309957
        },
        "rotation": {
            "x": 0.6018762675791909,
            "y": 0.3791713561814066,
            "z": 0.5715087635749289,
            "w": 0.40908651204060886
        }
    }
}