{
    "timestamp": 1743812278.7750273,
    "container_name": "[]",
    "object_names": [
        "a mango",
        "a yellow corn can",
        "a steel knife",
        "a strawberry",
        "a big corn",
        "a potato",
        "a strawberry"
    ],
    "camera_projection_matrix": [
        1362.1619873046875,
        0.0,
        974.646728515625,
        0.0,
        0.0,
        1361.9271240234375,
        562.1861572265625,
        0.0,
        0.0,
        0.0,
        1.0,
        0.0
    ],
    "camera_intrinsics": {
        "width": 1920,
        "height": 1080,
        "distortion_model": "plumb_bob",
        "D": [
            0.0,
            0.0,
            0.0,
            0.0,
            0.0
        ],
        "K": [
            1362.1619873046875,
            0.0,
            974.646728515625,
            0.0,
            1361.9271240234375,
            562.1861572265625,
            0.0,
            0.0,
            1.0
        ],
        "R": [
            1.0,
            0.0,
            0.0,
            0.0,
            1.0,
            0.0,
            0.0,
            0.0,
            1.0
        ],
        "P": [
            1362.1619873046875,
            0.0,
            974.646728515625,
            0.0,
            0.0,
            1361.9271240234375,
            562.1861572265625,
            0.0,
            0.0,
            0.0,
            1.0,
            0.0
        ]
    },
    "camera_to_base_link": {
        "translation": {
            "x": 0.4193471602138938,
            "y": -0.1918516045523359,
            "z": 0.4820570691488552
        },
        "rotation": {
            "x": 0.6018773504441433,
            "y": 0.3791718244850575,
            "z": 0.5715079844042946,
            "w": 0.4090855733231757
        }
    }
}