{
    "timestamp": 1743818287.7582211,
    "container_name": "['big yellow shopping basket', 'green basket']",
    "object_names": [
        "a small yellow triangular prism",
        "a long blue block",
        "a large green triangular prism  ",
        "a small blue triangular prism",
        "a yellow half circle cylinder",
        "a small yellow triangular prism",
        "a large green triangular prism  ",
        "a small blue triangular prism"
    ],
    "camera_projection_matrix": [
        1362.1619873046875,
        0.0,
        974.646728515625,
        0.0,
        0.0,
        1361.9271240234375,
        562.1861572265625,
        0.0,
        0.0,
        0.0,
        1.0,
        0.0
    ],
    "camera_intrinsics": {
        "width": 1920,
        "height": 1080,
        "distortion_model": "plumb_bob",
        "D": [
            0.0,
            0.0,
            0.0,
            0.0,
            0.0
        ],
        "K": [
            1362.1619873046875,
            0.0,
            974.646728515625,
            0.0,
            1361.9271240234375,
            562.1861572265625,
            0.0,
            0.0,
            1.0
        ],
        "R": [
            1.0,
            0.0,
            0.0,
            0.0,
            1.0,
            0.0,
            0.0,
            0.0,
            1.0
        ],
        "P": [
            1362.1619873046875,
            0.0,
            974.646728515625,
            0.0,
            0.0,
            1361.9271240234375,
            562.1861572265625,
            0.0,
            0.0,
            0.0,
            1.0,
            0.0
        ]
    },
    "camera_to_base_link": {
        "translation": {
            "x": 0.41934767331776,
            "y": -0.19185159876917235,
            "z": 0.48205755945599216
        },
        "rotation": {
            "x": 0.601876756187364,
            "y": 0.3791719421531234,
            "z": 0.5715086360463811,
            "w": 0.4090854282049287
        }
    }
}