{
    "timestamp": 1743812531.9715922,
    "container_name": "['pink bowl', 'blue bowl', 'pink lid', 'blue lid']",
    "object_names": [
        "an orange",
        "a red chili pepper",
        "an apple",
        "a purple jello box",
        "a mango"
    ],
    "camera_projection_matrix": [
        1362.1619873046875,
        0.0,
        974.646728515625,
        0.0,
        0.0,
        1361.9271240234375,
        562.1861572265625,
        0.0,
        0.0,
        0.0,
        1.0,
        0.0
    ],
    "camera_intrinsics": {
        "width": 1920,
        "height": 1080,
        "distortion_model": "plumb_bob",
        "D": [
            0.0,
            0.0,
            0.0,
            0.0,
            0.0
        ],
        "K": [
            1362.1619873046875,
            0.0,
            974.646728515625,
            0.0,
            1361.9271240234375,
            562.1861572265625,
            0.0,
            0.0,
            1.0
        ],
        "R": [
            1.0,
            0.0,
            0.0,
            0.0,
            1.0,
            0.0,
            0.0,
            0.0,
            1.0
        ],
        "P": [
            1362.1619873046875,
            0.0,
            974.646728515625,
            0.0,
            0.0,
            1361.9271240234375,
            562.1861572265625,
            0.0,
            0.0,
            0.0,
            1.0,
            0.0
        ]
    },
    "camera_to_base_link": {
        "translation": {
            "x": 0.4193473422107013,
            "y": -0.19185166057875613,
            "z": 0.4820570044840782
        },
        "rotation": {
            "x": 0.6018770801058814,
            "y": 0.37917167360360576,
            "z": 0.5715080969764608,
            "w": 0.40908595364568984
        }
    }
}