{
    "timestamp": 1743810475.6130438,
    "container_name": "['big yellow shopping basket']",
    "object_names": [
        "a red onion",
        "a purple eggplant",
        "a water bottle",
        "a small orange carrot",
        "a tomato"
    ],
    "camera_projection_matrix": [
        1362.1619873046875,
        0.0,
        974.646728515625,
        0.0,
        0.0,
        1361.9271240234375,
        562.1861572265625,
        0.0,
        0.0,
        0.0,
        1.0,
        0.0
    ],
    "camera_intrinsics": {
        "width": 1920,
        "height": 1080,
        "distortion_model": "plumb_bob",
        "D": [
            0.0,
            0.0,
            0.0,
            0.0,
            0.0
        ],
        "K": [
            1362.1619873046875,
            0.0,
            974.646728515625,
            0.0,
            1361.9271240234375,
            562.1861572265625,
            0.0,
            0.0,
            1.0
        ],
        "R": [
            1.0,
            0.0,
            0.0,
            0.0,
            1.0,
            0.0,
            0.0,
            0.0,
            1.0
        ],
        "P": [
            1362.1619873046875,
            0.0,
            974.646728515625,
            0.0,
            0.0,
            1361.9271240234375,
            562.1861572265625,
            0.0,
            0.0,
            0.0,
            1.0,
            0.0
        ]
    },
    "camera_to_base_link": {
        "translation": {
            "x": 0.4193480169527729,
            "y": -0.19185010339955397,
            "z": 0.4820568870569207
        },
        "rotation": {
            "x": 0.6018760818552052,
            "y": 0.37917284979292937,
            "z": 0.571509132315897,
            "w": 0.40908488575119156
        }
    }
}