{
    "timestamp": 1743820864.2381563,
    "container_name": "['big yellow shopping basket', 'blue basket']",
    "object_names": [
        "a yellow jello box",
        "a red chili pepper",
        "a white tape",
        "a purple jello box"
    ],
    "camera_projection_matrix": [
        1362.1619873046875,
        0.0,
        974.646728515625,
        0.0,
        0.0,
        1361.9271240234375,
        562.1861572265625,
        0.0,
        0.0,
        0.0,
        1.0,
        0.0
    ],
    "camera_intrinsics": {
        "width": 1920,
        "height": 1080,
        "distortion_model": "plumb_bob",
        "D": [
            0.0,
            0.0,
            0.0,
            0.0,
            0.0
        ],
        "K": [
            1362.1619873046875,
            0.0,
            974.646728515625,
            0.0,
            1361.9271240234375,
            562.1861572265625,
            0.0,
            0.0,
            1.0
        ],
        "R": [
            1.0,
            0.0,
            0.0,
            0.0,
            1.0,
            0.0,
            0.0,
            0.0,
            1.0
        ],
        "P": [
            1362.1619873046875,
            0.0,
            974.646728515625,
            0.0,
            0.0,
            1361.9271240234375,
            562.1861572265625,
            0.0,
            0.0,
            0.0,
            1.0,
            0.0
        ]
    },
    "camera_to_base_link": {
        "translation": {
            "x": 0.41934828035169647,
            "y": -0.19185153455688045,
            "z": 0.4820573078294708
        },
        "rotation": {
            "x": 0.6018763980194136,
            "y": 0.37917156571672367,
            "z": 0.5715086646676849,
            "w": 0.4090862640921402
        }
    }
}