{
    "timestamp": 1743818033.6579783,
    "container_name": "['big green shopping basket', 'blue basket']",
    "object_names": [
        "a small blue triangular prism",
        "a flat yellow block",
        "a small yellow cube",
        "a yellow cylinder",
        "a yellow half circle cylinder"
    ],
    "camera_projection_matrix": [
        1362.1619873046875,
        0.0,
        974.646728515625,
        0.0,
        0.0,
        1361.9271240234375,
        562.1861572265625,
        0.0,
        0.0,
        0.0,
        1.0,
        0.0
    ],
    "camera_intrinsics": {
        "width": 1920,
        "height": 1080,
        "distortion_model": "plumb_bob",
        "D": [
            0.0,
            0.0,
            0.0,
            0.0,
            0.0
        ],
        "K": [
            1362.1619873046875,
            0.0,
            974.646728515625,
            0.0,
            1361.9271240234375,
            562.1861572265625,
            0.0,
            0.0,
            1.0
        ],
        "R": [
            1.0,
            0.0,
            0.0,
            0.0,
            1.0,
            0.0,
            0.0,
            0.0,
            1.0
        ],
        "P": [
            1362.1619873046875,
            0.0,
            974.646728515625,
            0.0,
            0.0,
            1361.9271240234375,
            562.1861572265625,
            0.0,
            0.0,
            0.0,
            1.0,
            0.0
        ]
    },
    "camera_to_base_link": {
        "translation": {
            "x": 0.41934784635365624,
            "y": -0.19185164969809013,
            "z": 0.48205747797230997
        },
        "rotation": {
            "x": 0.6018765133744305,
            "y": 0.3791717941465028,
            "z": 0.5715087354003395,
            "w": 0.40908578383154026
        }
    }
}