{
    "timestamp": 1743810002.798237,
    "container_name": "['big green shopping basket', 'green bowl', 'green lid']",
    "object_names": [
        "a green pear",
        "a potato",
        "a big corn",
        "a green romaine lettuce",
        "a mango"
    ],
    "camera_projection_matrix": [
        1362.1619873046875,
        0.0,
        974.646728515625,
        0.0,
        0.0,
        1361.9271240234375,
        562.1861572265625,
        0.0,
        0.0,
        0.0,
        1.0,
        0.0
    ],
    "camera_intrinsics": {
        "width": 1920,
        "height": 1080,
        "distortion_model": "plumb_bob",
        "D": [
            0.0,
            0.0,
            0.0,
            0.0,
            0.0
        ],
        "K": [
            1362.1619873046875,
            0.0,
            974.646728515625,
            0.0,
            1361.9271240234375,
            562.1861572265625,
            0.0,
            0.0,
            1.0
        ],
        "R": [
            1.0,
            0.0,
            0.0,
            0.0,
            1.0,
            0.0,
            0.0,
            0.0,
            1.0
        ],
        "P": [
            1362.1619873046875,
            0.0,
            974.646728515625,
            0.0,
            0.0,
            1361.9271240234375,
            562.1861572265625,
            0.0,
            0.0,
            0.0,
            1.0,
            0.0
        ]
    },
    "camera_to_base_link": {
        "translation": {
            "x": 0.4193481899887481,
            "y": -0.19185015432821806,
            "z": 0.4820568055732602
        },
        "rotation": {
            "x": 0.6018758390422644,
            "y": 0.37917270178631235,
            "z": 0.5715092316701149,
            "w": 0.4090852413777273
        }
    }
}